Label,# Samples,Average,Median,90% Line,95% Line,99% Line,Min,Max,Error %,Throughput,Received KB/sec,Sent KB/sec
HTTP Request,433368,622,524,888,893,938,515,9295,0.000%,120.35122,33.26,27.15
TOTAL,433368,622,524,888,893,938,515,9295,0.000%,120.35122,33.26,27.15
